{
  "assets": {
    "particle_image": {"type": "image", "source": "assets/images/particle.png"},
    "heart_image": {"type": "image", "source": "assets/images/heart.png"},
    "bomb_image": {"type": "image", "source": "assets/images/bomb.png"},
    "background_image": {"type": "image", "source": "assets/images/background.png"},
    "coins_spritesheet": {"type": "spritesheet", "source": "assets/images/coins.png", "frame_width": 12, "frame_height": 12}
  },
  "groups": [
    "background",
    "spawners",
    "cuts",
    "coins",
    "special_coins",
    "bombs",
    "hud"
  ],
  "prefabs": {
    "background": {
      "type": "background",
      "position": {"x": 0, "y": 0},
      "properties": {
        "texture": "background_image",
        "group": "background"
      }
    },
    "score": {
      "type": "score",
      "position": {"x": 0.05, "y": 0.05},
      "properties": {
        "text": "Score: ",
        "style": {
          "font": "32px Futura",
          "fill": "#FF9912"
        },
        "group": "hud"
      }
    },
    "lives": {
      "type": "lives",
      "position": {"x": 0.8, "y": 0.05},
      "properties": {
        "texture": "heart_image",
        "group": "hud",
        "lives": 3,
        "lives_spacing": 40
      }
    },
    "coin_spawner": {
      "type": "coin_spawner",
      "position": {"x": 0, "y": 0},
      "properties": {
        "texture": "",
        "group": "spawners",
        "pool": "coins",
        "spawn_time": {"min": 1, "max": 2},
        "velocity_x": {"min": -10, "max": 10},
        "velocity_y": {"min": -20, "max": -40},
        "frames": [0]
      }
    },
    "coin_2times_spawner": {
      "type": "coin_2times_spawner",
      "position": {"x": 0, "y": 0},
      "properties": {
        "texture": "",
        "group": "spawners",
        "pool": "special_coins",
        "spawn_time": {"min": 1, "max": 3},
        "velocity_x": {"min": -20, "max": 40},
        "velocity_y": {"min": -30, "max": -40}
      }
    },
    "coin_3times_spawner": {
      "type": "coin_3times_spawner",
      "position": {"x": 0, "y": 0},
      "properties": {
        "texture": "",
        "group": "spawners",
        "pool": "special_coins",
        "spawn_time": {"min": 1, "max": 4},
        "velocity_x": {"min": -20, "max": 80},
        "velocity_y": {"min": -10, "max": -50}
      }
    },
    "coin_4times_spawner": {
      "type": "coin_4times_spawner",
      "position": {"x": 0, "y": 0},
      "properties": {
        "texture": "",
        "group": "spawners",
        "pool": "special_coins",
        "spawn_time": {"min": 1, "max": 5},
        "velocity_x": {"min": -40, "max": 80},
        "velocity_y": {"min": -20, "max": -50}
      }
    },
    "coin_5times_spawner": {
      "type": "coin_5times_spawner",
      "position": {"x": 0, "y": 0},
      "properties": {
        "texture": "",
        "group": "spawners",
        "pool": "special_coins",
        "spawn_time": {"min": 1, "max": 6},
        "velocity_x": {"min": -40, "max": 160},
        "velocity_y": {"min": -30, "max": -50}
      }
    },
    "coin_6times_spawner": {
      "type": "coin_6times_spawner",
      "position": {"x": 0, "y": 0},
      "properties": {
        "texture": "",
        "group": "spawners",
        "pool": "special_coins",
        "spawn_time": {"min": 1, "max": 7},
        "velocity_x": {"min": -40, "max": 320},
        "velocity_y": {"min": -40, "max": -50}
      }
    },
    "coin_7times_spawner": {
      "type": "coin_7times_spawner",
      "position": {"x": 0, "y": 0},
      "properties": {
        "texture": "",
        "group": "spawners",
        "pool": "special_coins",
        "spawn_time": {"min": 1, "max": 8},
        "velocity_x": {"min": -80, "max": 160},
        "velocity_y": {"min": -50, "max": -60}
      }
    },
    "coin_8times_spawner": {
      "type": "coin_8times_spawner",
      "position": {"x": 0, "y": 0},
      "properties": {
        "texture": "",
        "group": "spawners",
        "pool": "special_coins",
        "spawn_time": {"min": 1, "max": 9},
        "velocity_x": {"min": -80, "max": 320},
        "velocity_y": {"min": -50, "max": -70}
      }
    },
    "coin_9times_spawner": {
      "type": "coin_9times_spawner",
      "position": {"x": 0, "y": 0},
      "properties": {
        "texture": "",
        "group": "spawners",
        "pool": "special_coins",
        "spawn_time": {"min": 1, "max": 10},
        "velocity_x": {"min": -80, "max": 640},
        "velocity_y": {"min": -50, "max": -80}
      }
    },
    "coin_10times_spawner": {
      "type": "coin_10times_spawner",
      "position": {"x": 0, "y": 0},
      "properties": {
        "texture": "",
        "group": "spawners",
        "pool": "special_coins",
        "spawn_time": {"min": 1, "max": 11},
        "velocity_x": {"min": -160, "max": 320},
        "velocity_y": {"min": -50, "max": -90}
      }
    },
    "bomb_spawner": {
      "type": "bomb_spawner",
      "position": {"x": 0, "y": 0},
      "properties": {
        "texture": "",
        "group": "spawners",
        "pool": "bombs",
        "spawn_time": {"min": 1, "max": 5},
        "velocity_x": {"min": -100, "max": 100},
        "velocity_y": {"min": -50, "max": -100}
      }
    }
  }
}